brand,name,ingredients,,,,,,,,,,,,,,,,,,,,,,,
Estee Lauder,Advanced Night Repair Eye Concentrate Matrix Synchronized Multi-Recovery Complex,['Water';'Dimethicone';'Bifida Ferment Lysate';'Isohexadecane';'Glycerin';'Butylene Glycol';'Bis-PEG-18 Methyl Ether Dimethyl Silane';'PEG-10 Dimethicone';'Disteardimonium Hectorite';'Isopropyl Isostearate';'PPG-15 Stearyl Ether';'Sucrose';'Trehalose';'Adansonia Digitata Seed Extract';'Tripeptide-32';'Yeast Extract/Faex/Extrait De Levure';'Sodium Hyaluronate';'Lactobacillus Ferment';'Algae Extract';'Sodium RNA';'Hydrolyzed Algin';'Caffeine';'Hydroxyethyl Urea';'Aminopropyl Ascorbyl Phosphate';'Cucumis Sativus (Cucumber) Fruit Extract';'Anthemis Nobilis (Chamomile) Flower Extract';'Hordeum Vulgare (Barley) Extract/Extrait D'Orge';'Silybum Marianum (Lady's Thistle) Extract';'Glycine Soja (Soybean) Seed Extract';'Camelina Sativa Seed Oil';'Sorbitol';'Betula Alba (Birch) Extract';'Scutellaria Baicalensis Root Extract';'Morus Bombycis (Mulberry) Root Extract';'Poria Cocos Sclerotium Extract';'Tocopheryl Acetate';'Propylene Glycol Dicaprate';'Sodium Polyaspartate';'Hydrogenated Lecithin';'Phytosphingosine';'Ethylhexylglycerin';'Polysilicone-11';'Isododecane';'Helianthus Annuus (Sunflower) Seed Extract';'Polyethylene';'Propylene Carbonate';'Polyacrylate Crosspolymer-6';'Lecithin';'Glucose';'Fructose';'T-Butyl Alcohol';'Disodium EDTA';'BHT';'Hydroxyacetophenone';'Sodium Dehydroacetate';'Potassium Sorbate';'Phenoxyethanol';'Iron Oxides (CI 77491)'],,,,,,,,,,,,,,,,,,,,,,,
Estee Lauder,Advanced Night Repair Eye Serum Synchronized Complex II,"['Water';'Bifida Ferment Lysate';'Caprylic/Capric Triglyceride';'Dimethicone';'Nylon-12';'Cetyl Ricinoleate';'Propanediol';'Bis-Peg-18 Methyl Ether Dimethyl Silane';'Glycerin';'Trehalose';'Algae Extract';'Morus Bombycis (Mulberry) Root Extract';'Scutellaria Baicalensis Root Extract';'Lactobacillus Ferment';'Triticum Vulgare (Wheat) Germ Extract';'Betula Alba (Birch) Extract';'Hydrolyzed Algin';'Poria Cocos Sclerotium Extract';'Glycine Soja (Soybean) Seed Extract';'Sucrose';'Yeast Extract\Faex\Extrait De Levure';'Hydrogenated Lecithin';'Hordeum Vulgare (Barley) Extract\Extrait D'Orge';'Cholesterol';'Anthemis Nobilis (Chamomile)';'Tocopheryl Acetate';'Sodium Rna';'Tromethamine';'Caffeine';'Caprylyl Glycol';'Oleth-10';'Phytosphingosine';'Squalane';'Ammonium Acryloyldimethyltaurate/Vp Copolymer';'Potassium Sulfate';'Biosaccharide Gum - 1';'Lecithin';'Sodium Hyaluronate';'Acrylates/C10-30 Alkyl Acrylate Crosspolymer';'Sodium Acrylates/Acrylonitrogens Copolymer';'Hexylene Glycol';'Sodium Metabisulfite';'Aminopropyl Ascorbyl Phosphate';'Tripeptide-32';'Butylene Glycol';'Sodium Sulfite';'Disodium Edta';'Bht';'Phenoxyethanol';'Mica';'Titanium Dioxide (Ci 77891)';'Iron Oxides (Ci 77491,Ci 77492,Ci 77499)']",,,,,,,,,,,,,,,,,,,,,,,
Estee Lauder,Revitalizing Supreme + Global Anti-Aging Wake Up Balm,"['Water';'Hexyldecyl Stearate';'Glycerin';'Butylene Glycol';'Dicaprylyl Carbonate';'Caprylic/Capric/Myristic/Stearic Triglyceride';'Glycereth-26';'Dimethicone';'Cetearyl Alcohol';'Propanediol';'Limonium Vulgare Flower/Leaf/Stem Extract';'Cucumis Sativus (Cucumber) Fruit Extract';'Narcissus Tazetta Bulb Extract';'Hordeum Vulgare (Barley) Extract\Extrait D'Orge';'Moringa Oleifera Seed Extract';'Artemia Extract';'Whey Protein\Lactis Protein\Proteine Du Petit-Lait';'Caffeine';'Sorbitol';'Opuntia Tuna Extract';'Laminaria Digitata Extract';'Sodium Hyaluronate';'Algae Extract';'Tocopheryl Acetate';'Acetyl Hexapeptide-8';'Hdi/Ppg/Polycaprolactone Crosspolymer';'Peg-100 Stearate';'Glyceryl Stearate';'Sucrose';'Acetyl Glucosamine';'Acrylamide/Sodium Acryloyldimethyltaurate Copolymer';'Cetearyl Glucoside';'Isohexadecane';'Caprylyl Glycol';'Caprylic/Capric Triglyceride';'Pentaerythrityl Tetra-Di-T-Butyl Hydroxyhydrocinnamate';'Acrylates/C10-30 Alkyl Acrylate Crosspolymer';'Tromethamine';'Propylene Glycol Dicaprate';'Polysorbate 80';'Isoceteth-20';'Helianthus Annuus (Sunflower) Seedcake';'Hexylene Glycol';'Potassium Sorbate';'Fragrance (Parfum)';'Stearic Acid';'Aluminum Hydroxide';'Silica';'Citric Acid';'Disodium Edta';'Bht';'Phenoxyethanol';'Mica';'Titanium Dioxide (Ci 77891)';'Iron Oxides (Ci 77491,Ci 77492,Ci 77499)']",,,,,,,,,,,,,,,,,,,,,,,
Estee Lauder,Revitalizing Supreme+ Global Anti-Aging Cell Power Eye Balm,['Water';'Methyl Trimethicone';'Propanediol';'Isododecane';'Polyethylene';'Dimethicone';'Hydrogenated Polyisobutene';'Dimethicone/Vinyl Dimethicone Crosspolymer';'Caprylic/Capric/Myristic/Stearic Triglyceride';'Cetyl Peg/Ppg-10/1 Dimethicone';'Butylene Glycol';'Nylon-12';'Isononyl Isononanoate';'Limonium Vulgare Flower/Leaf/Stem Extract';'Cucumis Sativus (Cucumber) Fruit Extract';'Narcissus Tazetta Bulb Extract';'Moringa Oleifera Seed Extract';'Laminaria Digitata Extract';'Hydrolyzed Rice Extract';'Mimosa Tenuiflora Bark Extract';'Opuntia Tuna Extract';'Artemia Extract';'Acetyl Glucosamine';'Whey Protein\Lactis Protein\Proteine Du Petit-Lait';'Sigesbeckia Orientalis (St. Paul'S Wort) Extract';'Triticum Vulgare (Wheat) Germ Extract';'Caffeine';'Hordeum Vulgare (Barley) Extract\Extrait D'Orge';'Pinanediol';'Squalane';'Algae Extract';'Camphanediol';'Acetyl Hexapeptide-8';'Aminopropyl Ascorbyl Phosphate';'Sodium Hyaluronate';'Methicone';'Sucrose';'Glycerin';'Lauryl Peg-9 Polydimethylsiloxyethyl Dimethicone';'Caprylyl Glycol';'Polysilicone-11';'Tocopheryl Acetate';'Peg-10 Dimethicone';'Propylene Glycol Dicaprate';'Disteardimonium Hectorite';'Isoceteth-20';'Helianthus Annuus (Sunflower) Seedcake';'Boron Nitride';'Hexylene Glycol';'Magnesium Sulfate';'Citric Acid';'Maltodextrin';'Alumina';'Triethoxycaprylylsilane';'Disodium Edta';'Bht';'Phenoxyethanol';'Titanium Dioxide (Ci 77891)';'Iron Oxides (Ci 77491)'],,,,,,,,,,,,,,,,,,,,,,,
Estee Lauder,Micro Essence Skin Activating Treatment Lotion,['Water';'Bifida Ferment Lysate';'Peg-75';'Propanediol';'Butylene Glycol';'Betaine';'Pentylene Glycol';'Lactobacillus Ferment';'Acetyl Hexapeptide-8';'Acetyl Glucosamine';'Trehalose';'Caffeine';'Sodium Hyaluronate';'Anthemis Nobilis (Chamomile)';'Caprylyl Glycol';'Carbomer';'Ppg-5-Ceteth-20';'Citric Acid';'Potassium Sorbate';'Sodium Citrate';'Tromethamine';'Disodium Edta';'Phenoxyethanol'],,,,,,,,,,,,,,,,,,,,,,,
Estee Lauder,Idealist Pore Minimizing Skin Refinisher,['Water';'Cyclopentasiloxane';'Dimethicone';'Polysilicone-11';'Acetyl Glucosamine';'Sodium Lactobionate';'Morus Nigra (Mulberry) Root Extract';'Yeast Extract\Faex\Extrait De Levure';'Serenoa Serrulata (Saw Palmetto) Fruit Extract';'Triticum Vulgare (Wheat) Germ Extract';'Vitis Vinifera (Grape) Fruit Extract';'Scutellaria Baicalensis Extract';'Castanea Sativa (Chestnut) Seed Extract';'Camellia Sinensis (Green Tea) Leaf Extract';'Hordeum Vulgare (Barley) Extract\Extrait D'Orge';'Lavandula Angustifolia (Lavender)';'Amorphophallus Konjac Root Powder';'Caffeine';'Laminaria Saccharina Extract';'Tocopheryl Acetate';'Salvia Sclarea (Clary) Extract';'Sodium Hyaluronate';'Coriandrum Sativum (Coriander)';'Citrus Grandis (Grapefruit California)';'Cholesterol';'Glycerin';'Ethylhexylglycerin';'Squalane';'Polyethylene';'Isopentyldiol';'Phenyl Trimethicone';'Isohexadecane';'Polysorbate 20';'Pantethine';'Methyldihydrojasmonate';'Acrylamide/Sodium Acryloyldimethyltaurate Copolymer';'Ammonium Acryloyldimethyltaurate/Vp Copolymer';'Polysorbate 80';'Peg-8';'Ethyl 2';'2-Dimethylhydrocinnamal';'Phospholipids';'Palmitoyl Oligopeptide';'Butylene Glycol';'Magnesium Ascorbyl Phosphate';'Glyceryl Polymethacrylate';'Sodium Glycyrrhetinate';'Nordihydroguaiaretic Acid';'Chlorphenesin';'Phenoxyethanol';'Limonene';'Linalool';'Iron Oxides (Ci 77491';'Ci 77492';'Ci 77499)';'Mica';'Titanium Dioxide (Ci 77891)'],,,,,,,,,,,,,,,,,,,,,,,
Estee Lauder,DayWear Multi-Protection Anti-Oxidant 24H-Moisture Creme SPF 15,"['Water';'Ethylhexyl Salicylate';'Butyloctyl Salicylate';'Polyester-8';'Butyl Methoxydibenzoylmethane';'Petrolatum';'Butylene Glycol';'Homosalate';'Cetyl Ricinoleate';'Octyldodecyl Myristate';'Steareth-21';'Steareth-2';'Caprylic/Capric/Myristic/Stearic Triglyceride';'Di-C12-15 Alkyl Fumarate';'Dimethicone';'Psidium Guajava (Guava) Fruit Extract';'Gentiana Lutea (Gentian) Root Extract';'Polygonum Cuspidatum Root Extract';'Hordeum Vulgare (Barley) Extract\Extrait D'Orge';'Laminaria Ochroleuca Extract';'Triticum Vulgare (Wheat) Germ Extract';'Fumaria Officinalis Flower/Leaf/Stem Extract';'Citrus Medica Limonum (Lemon) Fruit Extract';'Hydrolyzed Rice Bran Extract';'Hydrolyzed Rice Extract';'Artemia Extract';'Rosmarinus Officinalis (Rosemary) Leaf Extract';'Vitis Vinifera (Grape) Seed Extract';'Stearyl Alcohol';'Butyrospermum Parkii (Shea Butter)';'Thermus Thermophillus Ferment';'Sorbitan Olivate';'Caffeine';'Pentylene Glycol';'Lauryl Peg-9 Polydimethylsiloxyethyl Dimethicone';'Behenyl Alcohol';'Pantethine';'Triacontanyl Pvp';'Acrylic Acid/Vp Crosspolymer';'Ethylhexylglycerin';'Glycerin';'Linoleic Acid';'Polyquaternium-51';'Cholesterol';'Cetearyl Olivate';'Squalane';'Sodium Pca';'Urea';'Caprylic/Capric Triglyceride';'Tocopheryl Acetate';'Tetrahexyldecyl Ascorbate';'Citric Acid';'Sodium Hyaluronate';'Ergothioneine';'Glycyrrhetinic Acid';'Trehalose';'Lecithin';'Hydrogenated Lecithin';'Palmitoyl Hydroxypropyltrimonium Amylopectin/Glycerin Crosspolymer';'Cyclodextrin';'Nordihydroguaiaretic Acid';'Ascorbyl Tocopheryl Maleate';'Sodium Hydroxide';'Fragrance (Parfum)';'Fumaric Acid';'Pentaerythrityl Tetra-Di-T-Butyl Hydroxyhydrocinnamate';'Ethylbisiminomethylguaiacol Manganese Chloride';'Disodium Edta';'Bht';'Phenoxyethanol';'Benzyl Salicylate';'Hydroxyisohexyl 3-Cyclohexene Carboxaldehyde';'Butylphenyl Methylpropional';'Linalool';'Mica';'Yellow 5 (Ci 19140)';'Blue 1 (Ci 42090),Chromium Hydroxide Green (Ci 77289)']",,,,,,,,,,,,,,,,,,,,,,,
Estee Lauder,Resilience Multi-Effect Tri-Peptide Face and Neck Creme SPF 15,['Water';'Olea Europaea (Olive) Fruit Oil';'Ethylhexyl Salicylate';'Cetyl Ricinoleate';'Butyrospermum Parkii (Shea Butter)';'Butylene Glycol';'Butyl Methoxydibenzoylmethane';'Ppg-51/Smdi Copolymer';'Octocrylene';'Cetyl Esters';'Dimethicone';'Methyl Gluceth-20';'Glycereth-26';'Butyloctyl Salicylate';'Glyceryl Stearate';'Propanediol';'Peg-100 Stearate';'Cucumis Melo (Melon) Fruit Extract';'Polygonum Aviculare Extract';'Triticum Vulgare (Wheat Bran) Extract';'Olea Europaea (Olive) Fruit Extract';'Sigesbeckia Orientalis (St. Paul'S Wort) Extract';'Aminopropyl Ascorbyl Phosphate';'Cholesterol';'Algae Extract';'Laminaria Digitata Extract';'Myrtus Communis Leaf Extract';'Trifluoroacetyl Tripeptide-2';'Glycerin';'Acetyl Hexapeptide-8';'Caffeine';'Propylene Glycol Dicaprylate';'Persea Gratissima (Avocado) Oil';'Artemia Extract';'Behenyl Alcohol';'Ethylhexyl Hydroxystearate';'Yeast Extract\Faex\Extrait De Levure';'Triacontanyl Pvp';'Tocopheryl Acetate';'Sodium Hyaluronate';'Trehalose';'Ethylhexylglycerin';'Fragrance (Parfum)';'Acetyl Glucosamine';'Tetradecyl Aminobutyroylvalylaminobutyric Urea Trifluoroacetate';'Decarboxy Carnosine Hcl';'Acrylates/C10-30 Alkyl Acrylate Crosspolymer';'Isohexadecane';'Polymethyl Methacrylate';'Caprylyl Glycol';'Zinc Pca';'Simethicone';'Citric Acid';'Polysorbate 80';'Sodium Hydroxide';'Xanthan Gum';'Carbomer';'Acrylamide/Sodium Acryloyldimethyltaurate Copolymer';'Hexylene Glycol';'Potassium Sulfate';'Pentaerythrityl Tetra-Di-T-Butyl Hydroxyhydrocinnamate';'Dextran';'Disodium Edta';'Bht';'Sodium Dehydroacetate';'Phenoxyethanol';'Mica';'Red 4 (Ci 14700)';'Titanium Dioxide (Ci 77891)';'Yellow 5 (Ci 19140)'],,,,,,,,,,,,,,,,,,,,,,,
The Ordinary,100% Niacinamide Powder,['Niacinamide'],,,,,,,,,,,,,,,,,,,,,,,
The Ordinary,Hyaluronic Acid 2% + B5,"['Water';'Sodium Hyaluronate';'Pentylene Glycol';'Propanediol';'Sodium Hyaluronate Crosspolymer';'Panthenol';'Ahnfeltia Concinna Extract';'Glycerin';'Trisodium Ethylenediamine Disuccinate';'Citric Acid';'Isoceteth-20';'Ethoxydiglycol';'Ethylhexylglycerin';'Hexylene Glycol';'(1,2-Hexanediol)';'Phenoxyethanol';'Caprylyl Glycol']",,,,,,,,,,,,,,,,,,,,,,,
The Ordinary,Buffet,['Water';'Glycerin';'Lactococcus Ferment Lysate';'Acetyl Hexapeptide-8';'Pentapeptide-18';'Palmitoyl Tripeptide-1';'Palmitoyl Tetrapeptide-7';'Palmitoyl Tripeptide-38';'Dipeptide Diaminobutyroyl Benzylamide Diacetate';'Acetylarginyltryptophyl Diphenylglycine';'Sodium Hyaluronate Crosspolymer';'Sodium Hyaluronate';'Allantoin';'Glycine';'Alanine';'Serine';'Valine';'Isoleucine';'Proline';'Threonine';'Histidine';'Phenylalanine';'Arginine';'Aspartic Acid';'Trehalose';'Fructose';'Glucose';'Maltose';'Urea';'Sodium PCA';'PCA';'Sodium Lactate';'Citric Acid';'Hydroxypropyl Cyclodextrin';'Sodium Chloride';'Sodium Hydroxide';'Butylene Glycol';'Pentylene Glycol';'Acacia Senegal Gum';'Xanthan Gum';'Carbomer';'Polysorbate 20';'PPG-26-Buteth-26';'PEG-40 Hydrogenated Castor Oil';'Trisodium Ethylenediamine Disuccinate';'Ethoxydiglycol';'Sodium Benzoate';'Caprylyl Glycol';'Ethylhexylglycerin';'Phenoxyethanol';'Chlorphenesin'],,,,,,,,,,,,,,,,,,,,,,,
The Ordinary,Buffet + Copper Peptides 1%,['Water';'Glycerin';'Lactococcus Ferment Lysate';'Copper Tripeptide-1';'Acetyl Hexapeptide-8';'Pentapeptide-18';'Palmitoyl Tripeptide-1';'Palmitoyl Tetrapeptide-7';'Palmitoyl Tripeptide-38';'Dipeptide Diaminobutyroyl Benzylamide Diacetate';'Acetylarginyltryptophyl Diphenylglycine';'Sodium Hyaluronate Crosspolymer';'Sodium Hyaluronate';'Allantoin';'Glycine';'Alanine';'Serine';'Valine';'Isoleucine';'Proline';'Threonine';'Histidine';'Phenylalanine';'Arginine';'Aspartic Acid';'Trehalose';'Fructose';'Glucose';'Maltose';'Urea';'Sodium PCA';'PCA';'Sodium Lactate';'Citric Acid';'Hydroxypropyl Cyclodextrin';'Sodium Chloride';'Sodium Hydroxide';'Butylene Glycol';'Pentylene Glycol';'Acacia Senegal Gum';'Xanthan Gum';'Carbomer';'Polysorbate 20';'Dimethyl Isosorbide';'Sodium Benzoate';'Caprylyl Glycol';'Ethylhexylglycerin';'Phenoxyethanol';'Chlorphenesin'],,,,,,,,,,,,,,,,,,,,,,,
The Ordinary,Glycolic Acid 7% Toning Solution,"['Water';'Glycolic Acid';'Rosa damascena flower water';'Centaurea cyanus flower water';'Aloe Barbadensis Leaf Water';'Propanediol';'Glycerin';'Triethanolamine';'Aminomethyl Propanol';'Panax Ginseng Root Extract';'Tasmannia Lanceolata Fruit/Leaf Extract';'Aspartic Acid';'Alanine';'Glycine';'Serine';'Valine';'Isoleucine';'Proline';'Threonine';'Histidine';'Phenylalanine';'Glutamic Acid';'Arginine';'PCA';'Sodium PCA';'Sodium Lactate';'Fructose';'Glucose';'Sucrose';'Urea';'Hexyl Nicotinate';'Dextrin';'Citric Acid';'Polysorbate 20';'Gellan Gum';'Trisodium Ethylenediamine Disuccinate';'Sodium Chloride';'Hexylene Glycol';'Potassium Sorbate';'Sodium Benzoate';'(1,2-Hexanediol)';'Caprylyl Glycol']",,,,,,,,,,,,,,,,,,,,,,,
The Ordinary,Alpha Arbutin 2% + HA,['Water';'Alpha-Arbutin';'Polyacrylate Crosspolymer-6';'Hydrolyzed Sodium Hyaluronate';'Propanediol';'PPG-26-Buteth-26';'PEG-40 Hydrogenated Castor Oil';'Lactic Acid';'Trisodium Ethylenediamine Disuccinate';'Ethoxydiglycol';'Phenoxyethanol';'Chlorphenesin'],,,,,,,,,,,,,,,,,,,,,,,
The Ordinary,Azelaic Acid Suspension 10%,['Water';'Isodecyl Neopentanoate';'Dimethicone';'Azelaic Acid';'Dimethicone/Bis-Isobutyl PPG-20 Crosspolymer';'Dimethyl Isosorbide';'Hydroxyethyl Acrylate/Sodium Acryloyldimethyl Taurate Copolymer';'Polysilicone-11';'Isohexadecane';'Tocopherol';'Trisodium Ethylenediamine Disuccinate';'Isoceteth-20';'Polysorbate 60';'Triethanolamine';'Ethoxydiglycol';'Phenoxyethanol';'Chlorphenesin'],,,,,,,,,,,,,,,,,,,,,,,
The Ordinary,Lactic Acid 5% + HA,"['Water';'Lactic Acid';'Glycerin';'Pentylene Glycol';'Propanediol';'Sodium Hyaluronate Crosspolymer';'Tasmannia Lanceolata Fruit/Leaf Extract';'Acacia Senegal Gum';'Xanthan Gum';'Isoceteth-20';'Trisodium Ethylenediamine Disuccinate';'Sodium Hydroxide';'Ethylhexylglycerin';'(1,2-Hexanediol)';'Caprylyl Glycol']",,,,,,,,,,,,,,,,,,,,,,,
The Ordinary,Resveratrol 3% + Ferulic Acid 3%,['Propanediol';'Resveratrol';'Ferulic Acid'],,,,,,,,,,,,,,,,,,,,,,,
The Ordinary,Salicylic Acid 2% Solution,"['Water';'Hamamelis Virginiana Leaf Water';'Cocamidopropyl Dimethylamine';'Salicylic Acid';'Dimethyl Isosorbide';'Trisodium Ethylenediamine Disuccinate';'Citric Acid';'Polysorbate 20';'Hydroxyethylcellulose';'Ethoxydiglycol';'Potassium Sorbate';'Sodium Benzoate';'(1,2-hexanediol)';'Caprylyl Glycol']",,,,,,,,,,,,,,,,,,,,,,,
The Ordinary,Vitamin C Suspension 23% + HA Spheres 2%,['Ascorbic Acid';'Squalane';'Isodecyl Neopentanoate';'Isononyl Isononanoate';'Coconut Alkanes';'Ethylene/Propylene/Styrene Copolymer';'Ethylhexyl Palmitate';'Silica Dimethyl Silylate';'Sodium Hyaluronate';'Glucomannan';'Coco-Caprylate/Caprate';'Butylene/Ethylene/Styrene Copolymer';'Acrylates/Ethylhexyl Acrylate Crosspolymer';'Trihydroxystearin';'BHT'],,,,,,,,,,,,,,,,,,,,,,,
The Ordinary,Retinol 1% in Squalane,['Squalane';'Caprylic/Capric Triglyceride';'Simmondsia Chinensis (Jojoba) Seed Oil';'Retinol';'Solanum Lycopersicum (Tomato) Fruit Extract';'Rosmarinus Officinalis (Rosemary) Leaf Extract';'Hydroxymethoxyphenyl Decanone';'BHT'],,,,,,,,,,,,,,,,,,,,,,,
COSRX,Advanced Snail 96 Mucin Power Essence,"['Snail Secretion Filtrate';'Betaine';'Butylene Glycol';'(1,2-Hexanediol)';'Sodium Polyacrylate';'Phenoxyethanol';'Sodium Hyaluronate';'Allantoin';'Ethyl Hexanediol';'Carbomer';'Panthenol';'Arginine']",,,,,,,,,,,,,,,,,,,,,,,
COSRX,Advanced Snail 92 All in one Cream,['Snail Secretion Filtrate';'Betaine';'Caprylic/Capric Triglyceride';'Cetearyl Olivate';'Sorbitan Olivate';'Sodium Hyaluronate';'Cetearyl Alcohol';'Stearic acid';'Arginine';'Dimethicone';'Carbomer';'Panthenol';'Allantoin';'Sodium Polyacrylate';'Xanthan Gum';'Ethyl Hexanediol';'Adenosine';'Phenoxyethanol'],,,,,,,,,,,,,,,,,,,,,,,
COSRX,Advanced Snail Radiance Dual Essence,['Snail Secretion Filtrate';'Butylene Glycol';'Niacinamide';'(1,2-Hexanediol)';'Betaine';'Panthenol';'Water';'Glycerin';'Limnanthes Alba (Meadowfoam) Seed Oil';'Helianthus Annuus (Sunflower) Seed Oil';'Allantoin';'Carbomer';'Macadamia Ternifolia Seed Oil';'Sodium Polyacrylate';'Sodium Hyaluronate';'Inulin Lauryl Carbamate';'Arginine';'Argania Spinosa Kernel Oil';'Nanthan Gum';'Soidum Surfactin';'Ethylhexylglycerin';'Glutathione'],,,,,,,,,,,,,,,,,,,,,,,
COSRX,Aloe Soothing Sun Cream SPF50+ PA+++,['WATER';'ETHYLHEXYL METHOXYCINNAMATE';'GLYCERIN';'PROPYLENE GLYCOL';'CYCLOPENTASILOXANE';'PHENYLBENZIMIDAZOLE SULFONIC ACID';'BIS-ETHYLHEXYLOXYPHENOL METHOXYPHENYL TRIAZINE';'DICAPRYLYL CARBONATE';'ISOAMYL P-METHOXYCINNAMATE';'POTASSIUM CETYL PHOSPHATE';'ALCOHOL';'DIMETHICONE';'BUTYLENE GLYCOL';'GLYCERYL STEARATE';'TITANIUM DIOXIDE';'C14-22 ALCOHOLS';'POLYMETHYL METHACRYLATE';'CETEARYL ALCOHOL';'PEG-100 STEARATE';'TRIETHANOLAMINE';'SILICA';'SODIUM HYDROXIDE';'DIMETHICONE/VINYL DIMETHICONE CROSSPOLYMER';'C12-20 ALKYL GLUCOSIDE';'ALUMINUM HYDROXIDE';'STEARIC ACID';'FRAGRANCE';'CAPRYLYL GLYCOL';'PHENOXYETHANOL';'ACRYLATES/C10-30 ALKYL ACRYLATE CROSSPOLYMER';'ALOE ARBORESCENS LEAF EXTRACT';'DIPOTASSIUM GLYCYRRHIZATE';'CARBOMER';'XANTHAN GUM';'LIMONENE';'TOCOPHERYL ACETATE';'DISODIUM EDTA';'HEXYL CINNAMAL';'LINALOOL';'BENZYL SALICYLATE';'GERANIOL';'BENZYL ALCOHOL';'CITRONELLOL';'BENZYL BENZOATE';'CITRAL'],,,,,,,,,,,,,,,,,,,,,,,
COSRX,BHA Blackhead Power Liquid,"['Salix Alba / Willow Bark Water';'Butylene Glycol';'Betaine';'Niacinamide';'Betaine Salicylate';'(1,2-Hexanediol)';'Sodium Hydroxide';'Sodium Hyaluronate';'Panthenol';'Xanthan Gum';'Ethyl Hexanediol']",,,,,,,,,,,,,,,,,,,,,,,
COSRX,AHA 7 Whitehead Power Liquid,"['Pyrus Malus (Apple) Fruit Water';'Butylene Glycol';'Glycolic Acid';'Niacinamide';'Sodium Hydroxide';'(1,2-Hexanediol)';'Panthenol';'Sodium Hyaluronate';'Xanthan Gum';'Ethyl Hexanediol']",,,,,,,,,,,,,,,,,,,,,,,
COSRX,Two in One Poreless Power Liquid,"['Salix Alba / Willow Bark Water';'Butylene Glycol';'Hydroxypropyl Cyclodextrin';'Water';'Pentylene Glycol';'(1,2-Hexanediol)';'Betaine Salicylate';'Arginine';'Betaine';'PEG-60 Hydrogenated Castor Oil';'Allantoin';'Panthenol';'Ethylhexylglycerin';'Sodium Hyaluronate';'Carbomer';'Cassia Obtusifolia Seed Extract';'Menthyl Lactate';'Mentha Haplocalix Extract']",,,,,,,,,,,,,,,,,,,,,,,
COSRX,Salicylic Acid Daily Gentle Cleanser,"['Water';'Glycerin';'Myristic Acid';'Stearic Acid';'Potassium Hydroxide';'Lauric Acid';'Butylene Glycol';'Glycol Distearate';'Polysorbate 80';'Sodium Methyl Cocoyl Taurate';'Salicylic Acid';'Cocamidopropyl Betaine';'PEG-60 Hydrogenated Castor Oil';'Fragrance';'Sodium Chloride';'Melaleuca Alternigolia (Tea Tree) Leaf Oil';'Caprylyl Glycol';'Ethylhexylglycerin';'Salix Alba (Willow) Bark Water';'Saccharomyces Ferment';'Cryptomeria Japonica Leaf Extract';'Nelumbo Nucifera Leaf Extract';'Pinus Palustris Leaf Extract';'Ulmus Davidiana Root Extract';'Oenothera Biennis (Evening Primrose) Flower Extract';'Pueraria Lobata Root Extract';'(1,2-Hexanediol)';'Ethyl Hexanediol';'Citric Acid';'Disodium EDTA']",,,,,,,,,,,,,,,,,,,,,,,
COSRX,AHA/BHA Clarifying Treatment Toner,['Mineral Water';'Salix Alba / Willow Bark Water';'Pyrus Malus (Apple) Fruit Water';'Butylene Glycol';'(1';'2-Hexanediol)';'Sodium Lactate';'Glycolic Acid';'Betaine Salicylate';'Allantoin';'Panthenol';'Ethyl Hexanediol'],,,,,,,,,,,,,,,,,,,,,,,
COSRX,Full fit Propolis Light Ampoule,"Propolis Extract';'Butylene Glycol';'Glycerin';'Betaine';'(1,2-Hexanediol)';'Cassia Obtusifolia Seed Extract';'Sodium Hyaluronate';'Hydroxyethylcellulose';'Carbomer';'Panthenol';'Arginine'",,,,,,,,,,,,,,,,,,,,,,,
COSRX,Full Fit Propolis Synergy Toner,"['Propolis Extract';'Honey Extract';'Butylene Glycol';'(1,2-Hexanediol)';'Glycerin';'Betaine';'Cassia Obtusifolia Seed Extract';'Panthenol';'Polyglyceryl-10 Laurate';'Polyglyceryl-10 Myristate';'Ethylhexylglycerin';'Sodium Hyaluronate';'Hydroxyethyl Acrylate/Sodium Acryloyldimethyl Taurate Copolymer';'Caprylic/Capric Triglyceride']",,,,,,,,,,,,,,,,,,,,,,,
SkinCeuticals,Blemish+Age Defense Acne Treatment,['alcohol denat.';'water';'methylpropanediol';'glycolic acid';'diisopropyl adipate';'octadecenedioic acid';'hydroxyethylpiperazine ethane sulfonic acid';'citric acid';'capryloyl salicylic acid';'sodium hydroxide';'polyquaternium-10'],,,,,,,,,,,,,,,,,,,,,,,
SkinCeuticals,SkinCeuticals Phloretin CF,water';'dipropylene glycol';'alcohol denat.';'ascorbic acid';'butylene glycol';'triethyl citrate';'phloretin';'ferulic acid',,,,,,,,,,,,,,,,,,,,,,,
SkinCeuticals,SkinCeuticals Hyaluronic Acid Intensifier,['Water';'Cyclohexasiloxane';'Glycerin';'Alcohol Denat.';'Hydroxypropyl Tetrahydropyrantriol';'Propylene Glycol';'Dipotassium Glycyrrhizate';'Polysilicone-11';'Polymethylsilsesquioxane';'Sodium Hyaluronate';'Dimethicone';'Tocopherol';'Phenoxyethanol';'Capryloyl Salicylic Acid';'Octyldodecanol';'Bis-Peg/Ppg-16/16';'Peg/Ppg-16/16 Dimethicone';'Peg-20 Methyl Glucose Sesquistearate';'Ammonium Polyacryloyldimethyl Taurate';'Caprylyl Glycol';'Xanthan Gum';'Dextrin';'Oryza Sativa Extract';'Rice Extract';'Disodium Edta ';'Caprylic/Capric Triglyceride';'Sodium Hydroxide';'Adenosine';'Citrus Nobilis Peel Oil';'Mandarin Orange Peel Oil';'Limonene';'T-Butyl Alcohol';'Cellulose Acetate Butyrate';'Polyphosphorylcholine Glycol Acrylate';'Polyvinyl Alcohol';'Sodium Chloride';'Butylene Glycol';'Pentaerythrityl Tetra-Di-T-Butyl Hydroxyhydrocinnamate'],,,,,,,,,,,,,,,,,,,,,,,
SkinCeuticals,SkinCeuticals Triple Lipid Restore 2:4:2,['water';'Dimethicone';'Hydrogenated Polyisobutene';'Glycerin';'Cholesterol';'C12-15 Alkyl Benzoate';'Ceramide 3';'Helianthus Annuus Seed Oil Unsaponifiables/Sunflower Seed Oil Unsaponifiables';'Bis-Peg-18 Methyl Ether Dimethyl Silane';'Sodium Polyacrylate';'Peg-10 Dimethicone';'Nylon-12';'Lauryl Peg-9 Polydimethylsiloxyethyl Dimethicone';'Dimethicone/Peg-10/15 Crosspolymer';'Phenoxyethanol';'Disteardimonium Hectorite';'Hydroxyethylpiperazine Ethane Sulfonic Acid';'Ammonium Polyacryloyldimethyl Taurate';'Chlorphenesin';'Caprylyl Glycol';'Peg/Ppg-18/18 Dimethicone';'Propylene Carbonate';'Disodium Edta';'Acrylonitrile/Methyl Methacrylate/Vinylidene Chloride Copolymer';'Adenosine';'Dipropylene Glycol';'Lavandula Angustifolia Oil/Lavender Oil';'Rosmarinus Officinalis Leaf Oil/Rosemary Leaf Oil';'T-Butyl Alcohol';'Mentha Piperita Oil/Peppermint Oil';'Sodium Citrate';'Linalool';'Isobutane';'Ceramide Eop';'Bht';'Tocopherol';'Limonene';'D182888/1'],,,,,,,,,,,,,,,,,,,,,,,
SkinCeuticals,SkinCeuticals Resveratrol B E,['water';'Dimethicone';'Propylene Glycol';'Dipropylene Glycol';'Niacinamide';'Alcohol Denat.';'Glycerin';'Caffeine';'Sodium Chloride';'Peg/Ppg-18/18 Dimethicone';'Tocopherol';'Resveratrol';'Scutellaria Baicalensis Extract / Scutellaria Baicalensis Root Extract';'Disodium Edta'],,,,,,,,,,,,,,,,,,,,,,,
SkinCeuticals,SkinCeuticals Serum 10 AOX+,['water';'ascorbic acid';'ethoxydiglycol';'propylene glycol';'glycerin';'zinc sulfate';'phenoxyethanol';'panthenol';'ferulic acid';'sodium hyaluronate';'sodium hydroxide'],,,,,,,,,,,,,,,,,,,,,,,
SkinCeuticals,SkinCeuticals Correct Discoloration Defense,['Water';'Butylene Glycol';'Niacinamide';'Hydroxyethylpiperazine Ethane Sulfonic Acid';'Glycerin';'Tranexamic Acid';'Propylene Glycol';'Hydroxyethyl Urea';'Kojic Acid';'Caprylyl Glycol';'Allantoin';'Chlorphenesin';'Xanthan Gum';'Disodium Edta'],,,,,,,,,,,,,,,,,,,,,,,
SkinCeuticals,SkinCeuticals Correct A.G.E. Eye Complex,['water';'glycerin';'dimethicone';'isohexadecane';'paraffin';'propylene glycol';'silica';'polyglyceryl-4 isostearate';'cetyl peg/ppg-10/1 dimethicone';'hexyl laurate';'nylon-12';'hydroxypropyl tetrahydropyrantriol';'methylsilanol/silicate crosspolymer';'polyethylene';'ascorbyl glucoside';'caprylic/capric triglyceride';'octyldodecanol';'phenoxyethanol';'tocopheryl acetate';'ammonium polyacryldimethyltauramide / ammonium polyacryloyldimethyl taurate';'peg-6 isostearate';'triethanolamine';'sodium citrate';'methylparaben';'chlorphenesin';'caffeine';'titanium dioxide';'ethylparaben';'menthoxypropanediol';'vaccinium myrtillus fruit extract';'hesperidin methyl chalcone';'pentasodium pentetate';'aluminum hydroxide';'stearic acid';'hesperetin laurate';'n-hydroxysuccinimide';'dipeptide-2. palmitoyl tetrapeptide-7';'palmitoyl oligopeptide';'chrysin'],,,,,,,,,,,,,,,,,,,,,,,
,,,,,,,,,,,,,,,,,,,,,,,,,
,,,,,,,,,,,,,,,,,,,,,,,,,
,,,,,,,,,,,,,,,,,,,,,,,,,
,,,,,,,,,,,,,,,,,,,,,,,,,
,,,,,,,,,,,,,,,,,,,,,,,,,
,,,,,,,,,,,,,,,,,,,,,,,,,
,,,,,,,,,,,,,,,,,,,,,,,,,
,,,,,,,,,,,,,,,,,,,,,,,,,
,,,,,,,,,,,,,,,,,,,,,,,,,
,,,,,,,,,,,,,,,,,,,,,,,,,
,,,,,,,,,,,,,,,,,,,,,,,,,
,,,,,,,,,,,,,,,,,,,,,,,,,
,,,,,,,,,,,,,,,,,,,,,,,,,
,,,,,,,,,,,,,,,,,,,,,,,,,
,,,,,,,,,,,,,,,,,,,,,,,,,
,,,,,,,,,,,,,,,,,,,,,,,,,
,,,,,,,,,,,,,,,,,,,,,,,,,
,,,,,,,,,,,,,,,,,,,,,,,,,
,,,,,,,,,,,,,,,,,,,,,,,,,
,,,,,,,,,,,,,,,,,,,,,,,,,
,,,,,,,,,,,,,,,,,,,,,,,,,
,,,,,,,,,,,,,,,,,,,,,,,,,
,,,,,,,,,,,,,,,,,,,,,,,,,
,,,,,,,,,,,,,,,,,,,,,,,,,
,,,,,,,,,,,,,,,,,,,,,,,,,
,,,,,,,,,,,,,,,,,,,,,,,,,
,,,,,,,,,,,,,,,,,,,,,,,,,
,,,,,,,,,,,,,,,,,,,,,,,,,
,,,,,,,,,,,,,,,,,,,,,,,,,
,,,,,,,,,,,,,,,,,,,,,,,,,
,,,,,,,,,,,,,,,,,,,,,,,,,
,,,,,,,,,,,,,,,,,,,,,,,,,
,,,,,,,,,,,,,,,,,,,,,,,,,
,,,,,,,,,,,,,,,,,,,,,,,,,
,,,,,,,,,,,,,,,,,,,,,,,,,
,,,,,,,,,,,,,,,,,,,,,,,,,
,,,,,,,,,,,,,,,,,,,,,,,,,
,,,,,,,,,,,,,,,,,,,,,,,,,
,,,,,,,,,,,,,,,,,,,,,,,,,
,,,,,,,,,,,,,,,,,,,,,,,,,
,,,,,,,,,,,,,,,,,,,,,,,,,
,,,,,,,,,,,,,,,,,,,,,,,,,
,,,,,,,,,,,,,,,,,,,,,,,,,
,,,,,,,,,,,,,,,,,,,,,,,,,
,,,,,,,,,,,,,,,,,,,,,,,,,
,,,,,,,,,,,,,,,,,,,,,,,,,
,,,,,,,,,,,,,,,,,,,,,,,,,
,,,,,,,,,,,,,,,,,,,,,,,,,
,,,,,,,,,,,,,,,,,,,,,,,,,
,,,,,,,,,,,,,,,,,,,,,,,,,
,,,,,,,,,,,,,,,,,,,,,,,,,
,,,,,,,,,,,,,,,,,,,,,,,,,
,,,,,,,,,,,,,,,,,,,,,,,,,
,,,,,,,,,,,,,,,,,,,,,,,,,
,,,,,,,,,,,,,,,,,,,,,,,,,
,,,,,,,,,,,,,,,,,,,,,,,,,
,,,,,,,,,,,,,,,,,,,,,,,,,
,,,,,,,,,,,,,,,,,,,,,,,,,
,,,,,,,,,,,,,,,,,,,,,,,,,
,,,,,,,,,,,,,,,,,,,,,,,,,
,,,,,,,,,,,,,,,,,,,,,,,,,
,,,,,,,,,,,,,,,,,,,,,,,,,
,,,,,,,,,,,,,,,,,,,,,,,,,
,,,,,,,,,,,,,,,,,,,,,,,,,
,,,,,,,,,,,,,,,,,,,,,,,,,
,,,,,,,,,,,,,,,,,,,,,,,,,
,,,,,,,,,,,,,,,,,,,,,,,,,
,,,,,,,,,,,,,,,,,,,,,,,,,
,,,,,,,,,,,,,,,,,,,,,,,,,
,,,,,,,,,,,,,,,,,,,,,,,,,
,,,,,,,,,,,,,,,,,,,,,,,,,
,,,,,,,,,,,,,,,,,,,,,,,,,
,,,,,,,,,,,,,,,,,,,,,,,,,
,,,,,,,,,,,,,,,,,,,,,,,,,
,,,,,,,,,,,,,,,,,,,,,,,,,
,,,,,,,,,,,,,,,,,,,,,,,,,
,,,,,,,,,,,,,,,,,,,,,,,,,
,,,,,,,,,,,,,,,,,,,,,,,,,
,,,,,,,,,,,,,,,,,,,,,,,,,
,,,,,,,,,,,,,,,,,,,,,,,,,
,,,,,,,,,,,,,,,,,,,,,,,,,
,,,,,,,,,,,,,,,,,,,,,,,,,
,,,,,,,,,,,,,,,,,,,,,,,,,
,,,,,,,,,,,,,,,,,,,,,,,,,
,,,,,,,,,,,,,,,,,,,,,,,,,
,,,,,,,,,,,,,,,,,,,,,,,,,
,,,,,,,,,,,,,,,,,,,,,,,,,
,,,,,,,,,,,,,,,,,,,,,,,,,
,,,,,,,,,,,,,,,,,,,,,,,,,
,,,,,,,,,,,,,,,,,,,,,,,,,
,,,,,,,,,,,,,,,,,,,,,,,,,
,,,,,,,,,,,,,,,,,,,,,,,,,
,,,,,,,,,,,,,,,,,,,,,,,,,
,,,,,,,,,,,,,,,,,,,,,,,,,
,,,,,,,,,,,,,,,,,,,,,,,,,
,,,,,,,,,,,,,,,,,,,,,,,,,
,,,,,,,,,,,,,,,,,,,,,,,,,
,,,,,,,,,,,,,,,,,,,,,,,,,
,,,,,,,,,,,,,,,,,,,,,,,,,
,,,,,,,,,,,,,,,,,,,,,,,,,
,,,,,,,,,,,,,,,,,,,,,,,,,
,,,,,,,,,,,,,,,,,,,,,,,,,
,,,,,,,,,,,,,,,,,,,,,,,,,
,,,,,,,,,,,,,,,,,,,,,,,,,
,,,,,,,,,,,,,,,,,,,,,,,,,
,,,,,,,,,,,,,,,,,,,,,,,,,
,,,,,,,,,,,,,,,,,,,,,,,,,
,,,,,,,,,,,,,,,,,,,,,,,,,
,,,,,,,,,,,,,,,,,,,,,,,,,
,,,,,,,,,,,,,,,,,,,,,,,,,
,,,,,,,,,,,,,,,,,,,,,,,,,
,,,,,,,,,,,,,,,,,,,,,,,,,
,,,,,,,,,,,,,,,,,,,,,,,,,
,,,,,,,,,,,,,,,,,,,,,,,,,
,,,,,,,,,,,,,,,,,,,,,,,,,
,,,,,,,,,,,,,,,,,,,,,,,,,
,,,,,,,,,,,,,,,,,,,,,,,,,
,,,,,,,,,,,,,,,,,,,,,,,,,
,,,,,,,,,,,,,,,,,,,,,,,,,
,,,,,,,,,,,,,,,,,,,,,,,,,
,,,,,,,,,,,,,,,,,,,,,,,,,
,,,,,,,,,,,,,,,,,,,,,,,,,
,,,,,,,,,,,,,,,,,,,,,,,,,
,,,,,,,,,,,,,,,,,,,,,,,,,
,,,,,,,,,,,,,,,,,,,,,,,,,
,,,,,,,,,,,,,,,,,,,,,,,,,
,,,,,,,,,,,,,,,,,,,,,,,,,
,,,,,,,,,,,,,,,,,,,,,,,,,
,,,,,,,,,,,,,,,,,,,,,,,,,
,,,,,,,,,,,,,,,,,,,,,,,,,
,,,,,,,,,,,,,,,,,,,,,,,,,
,,,,,,,,,,,,,,,,,,,,,,,,,
,,,,,,,,,,,,,,,,,,,,,,,,,
,,,,,,,,,,,,,,,,,,,,,,,,,
,,,,,,,,,,,,,,,,,,,,,,,,,
,,,,,,,,,,,,,,,,,,,,,,,,,
,,,,,,,,,,,,,,,,,,,,,,,,,
,,,,,,,,,,,,,,,,,,,,,,,,,
,,,,,,,,,,,,,,,,,,,,,,,,,
,,,,,,,,,,,,,,,,,,,,,,,,,
,,,,,,,,,,,,,,,,,,,,,,,,,
,,,,,,,,,,,,,,,,,,,,,,,,,
,,,,,,,,,,,,,,,,,,,,,,,,,
,,,,,,,,,,,,,,,,,,,,,,,,,
,,,,,,,,,,,,,,,,,,,,,,,,,
,,,,,,,,,,,,,,,,,,,,,,,,,
,,,,,,,,,,,,,,,,,,,,,,,,,
,,,,,,,,,,,,,,,,,,,,,,,,,
,,,,,,,,,,,,,,,,,,,,,,,,,
,,,,,,,,,,,,,,,,,,,,,,,,,
,,,,,,,,,,,,,,,,,,,,,,,,,
,,,,,,,,,,,,,,,,,,,,,,,,,
,,,,,,,,,,,,,,,,,,,,,,,,,
,,,,,,,,,,,,,,,,,,,,,,,,,
,,,,,,,,,,,,,,,,,,,,,,,,,
,,,,,,,,,,,,,,,,,,,,,,,,,
,,,,,,,,,,,,,,,,,,,,,,,,,
,,,,,,,,,,,,,,,,,,,,,,,,,
,,,,,,,,,,,,,,,,,,,,,,,,,
,,,,,,,,,,,,,,,,,,,,,,,,,
,,,,,,,,,,,,,,,,,,,,,,,,,
,,,,,,,,,,,,,,,,,,,,,,,,,
,,,,,,,,,,,,,,,,,,,,,,,,,
,,,,,,,,,,,,,,,,,,,,,,,,,
,,,,,,,,,,,,,,,,,,,,,,,,,
,,,,,,,,,,,,,,,,,,,,,,,,,
,,,,,,,,,,,,,,,,,,,,,,,,,
,,,,,,,,,,,,,,,,,,,,,,,,,
,,,,,,,,,,,,,,,,,,,,,,,,,
,,,,,,,,,,,,,,,,,,,,,,,,,
,,,,,,,,,,,,,,,,,,,,,,,,,
,,,,,,,,,,,,,,,,,,,,,,,,,
,,,,,,,,,,,,,,,,,,,,,,,,,
,,,,,,,,,,,,,,,,,,,,,,,,,
,,,,,,,,,,,,,,,,,,,,,,,,,
,,,,,,,,,,,,,,,,,,,,,,,,,
,,,,,,,,,,,,,,,,,,,,,,,,,
,,,,,,,,,,,,,,,,,,,,,,,,,
,,,,,,,,,,,,,,,,,,,,,,,,,
,,,,,,,,,,,,,,,,,,,,,,,,,
,,,,,,,,,,,,,,,,,,,,,,,,,
,,,,,,,,,,,,,,,,,,,,,,,,,
,,,,,,,,,,,,,,,,,,,,,,,,,
,,,,,,,,,,,,,,,,,,,,,,,,,
,,,,,,,,,,,,,,,,,,,,,,,,,
,,,,,,,,,,,,,,,,,,,,,,,,,
,,,,,,,,,,,,,,,,,,,,,,,,,
,,,,,,,,,,,,,,,,,,,,,,,,,
,,,,,,,,,,,,,,,,,,,,,,,,,
,,,,,,,,,,,,,,,,,,,,,,,,,
,,,,,,,,,,,,,,,,,,,,,,,,,
,,,,,,,,,,,,,,,,,,,,,,,,,
,,,,,,,,,,,,,,,,,,,,,,,,,
,,,,,,,,,,,,,,,,,,,,,,,,,
,,,,,,,,,,,,,,,,,,,,,,,,,
,,,,,,,,,,,,,,,,,,,,,,,,,
,,,,,,,,,,,,,,,,,,,,,,,,,
,,,,,,,,,,,,,,,,,,,,,,,,,
,,,,,,,,,,,,,,,,,,,,,,,,,
,,,,,,,,,,,,,,,,,,,,,,,,,
,,,,,,,,,,,,,,,,,,,,,,,,,
,,,,,,,,,,,,,,,,,,,,,,,,,
,,,,,,,,,,,,,,,,,,,,,,,,,
,,,,,,,,,,,,,,,,,,,,,,,,,
,,,,,,,,,,,,,,,,,,,,,,,,,
,,,,,,,,,,,,,,,,,,,,,,,,,
,,,,,,,,,,,,,,,,,,,,,,,,,
,,,,,,,,,,,,,,,,,,,,,,,,,
,,,,,,,,,,,,,,,,,,,,,,,,,
,,,,,,,,,,,,,,,,,,,,,,,,,
,,,,,,,,,,,,,,,,,,,,,,,,,
,,,,,,,,,,,,,,,,,,,,,,,,,
,,,,,,,,,,,,,,,,,,,,,,,,,
,,,,,,,,,,,,,,,,,,,,,,,,,
,,,,,,,,,,,,,,,,,,,,,,,,,
,,,,,,,,,,,,,,,,,,,,,,,,,
,,,,,,,,,,,,,,,,,,,,,,,,,
,,,,,,,,,,,,,,,,,,,,,,,,,
,,,,,,,,,,,,,,,,,,,,,,,,,
,,,,,,,,,,,,,,,,,,,,,,,,,
,,,,,,,,,,,,,,,,,,,,,,,,,
,,,,,,,,,,,,,,,,,,,,,,,,,
,,,,,,,,,,,,,,,,,,,,,,,,,
,,,,,,,,,,,,,,,,,,,,,,,,,
,,,,,,,,,,,,,,,,,,,,,,,,,
,,,,,,,,,,,,,,,,,,,,,,,,,
,,,,,,,,,,,,,,,,,,,,,,,,,
,,,,,,,,,,,,,,,,,,,,,,,,,
,,,,,,,,,,,,,,,,,,,,,,,,,
,,,,,,,,,,,,,,,,,,,,,,,,,
,,,,,,,,,,,,,,,,,,,,,,,,,
,,,,,,,,,,,,,,,,,,,,,,,,,
,,,,,,,,,,,,,,,,,,,,,,,,,
,,,,,,,,,,,,,,,,,,,,,,,,,
,,,,,,,,,,,,,,,,,,,,,,,,,
,,,,,,,,,,,,,,,,,,,,,,,,,
,,,,,,,,,,,,,,,,,,,,,,,,,
,,,,,,,,,,,,,,,,,,,,,,,,,
,,,,,,,,,,,,,,,,,,,,,,,,,
,,,,,,,,,,,,,,,,,,,,,,,,,
,,,,,,,,,,,,,,,,,,,,,,,,,
,,,,,,,,,,,,,,,,,,,,,,,,,
,,,,,,,,,,,,,,,,,,,,,,,,,
,,,,,,,,,,,,,,,,,,,,,,,,,
,,,,,,,,,,,,,,,,,,,,,,,,,
,,,,,,,,,,,,,,,,,,,,,,,,,
,,,,,,,,,,,,,,,,,,,,,,,,,
,,,,,,,,,,,,,,,,,,,,,,,,,
,,,,,,,,,,,,,,,,,,,,,,,,,
,,,,,,,,,,,,,,,,,,,,,,,,,
,,,,,,,,,,,,,,,,,,,,,,,,,
,,,,,,,,,,,,,,,,,,,,,,,,,
,,,,,,,,,,,,,,,,,,,,,,,,,
,,,,,,,,,,,,,,,,,,,,,,,,,
,,,,,,,,,,,,,,,,,,,,,,,,,
,,,,,,,,,,,,,,,,,,,,,,,,,
,,,,,,,,,,,,,,,,,,,,,,,,,
,,,,,,,,,,,,,,,,,,,,,,,,,
,,,,,,,,,,,,,,,,,,,,,,,,,
,,,,,,,,,,,,,,,,,,,,,,,,,
,,,,,,,,,,,,,,,,,,,,,,,,,
,,,,,,,,,,,,,,,,,,,,,,,,,
,,,,,,,,,,,,,,,,,,,,,,,,,
,,,,,,,,,,,,,,,,,,,,,,,,,
,,,,,,,,,,,,,,,,,,,,,,,,,
,,,,,,,,,,,,,,,,,,,,,,,,,
,,,,,,,,,,,,,,,,,,,,,,,,,
,,,,,,,,,,,,,,,,,,,,,,,,,
,,,,,,,,,,,,,,,,,,,,,,,,,
,,,,,,,,,,,,,,,,,,,,,,,,,
,,,,,,,,,,,,,,,,,,,,,,,,,
,,,,,,,,,,,,,,,,,,,,,,,,,
,,,,,,,,,,,,,,,,,,,,,,,,,
,,,,,,,,,,,,,,,,,,,,,,,,,
,,,,,,,,,,,,,,,,,,,,,,,,,
,,,,,,,,,,,,,,,,,,,,,,,,,
,,,,,,,,,,,,,,,,,,,,,,,,,
,,,,,,,,,,,,,,,,,,,,,,,,,
,,,,,,,,,,,,,,,,,,,,,,,,,
,,,,,,,,,,,,,,,,,,,,,,,,,
,,,,,,,,,,,,,,,,,,,,,,,,,
,,,,,,,,,,,,,,,,,,,,,,,,,
,,,,,,,,,,,,,,,,,,,,,,,,,
,,,,,,,,,,,,,,,,,,,,,,,,,
,,,,,,,,,,,,,,,,,,,,,,,,,
,,,,,,,,,,,,,,,,,,,,,,,,,
,,,,,,,,,,,,,,,,,,,,,,,,,
,,,,,,,,,,,,,,,,,,,,,,,,,
,,,,,,,,,,,,,,,,,,,,,,,,,
,,,,,,,,,,,,,,,,,,,,,,,,,
,,,,,,,,,,,,,,,,,,,,,,,,,
,,,,,,,,,,,,,,,,,,,,,,,,,
,,,,,,,,,,,,,,,,,,,,,,,,,
,,,,,,,,,,,,,,,,,,,,,,,,,
,,,,,,,,,,,,,,,,,,,,,,,,,
,,,,,,,,,,,,,,,,,,,,,,,,,
,,,,,,,,,,,,,,,,,,,,,,,,,
,,,,,,,,,,,,,,,,,,,,,,,,,
,,,,,,,,,,,,,,,,,,,,,,,,,
,,,,,,,,,,,,,,,,,,,,,,,,,
,,,,,,,,,,,,,,,,,,,,,,,,,
,,,,,,,,,,,,,,,,,,,,,,,,,
,,,,,,,,,,,,,,,,,,,,,,,,,
,,,,,,,,,,,,,,,,,,,,,,,,,
,,,,,,,,,,,,,,,,,,,,,,,,,
,,,,,,,,,,,,,,,,,,,,,,,,,
,,,,,,,,,,,,,,,,,,,,,,,,,
,,,,,,,,,,,,,,,,,,,,,,,,,
,,,,,,,,,,,,,,,,,,,,,,,,,
,,,,,,,,,,,,,,,,,,,,,,,,,
,,,,,,,,,,,,,,,,,,,,,,,,,
,,,,,,,,,,,,,,,,,,,,,,,,,
,,,,,,,,,,,,,,,,,,,,,,,,,
,,,,,,,,,,,,,,,,,,,,,,,,,
,,,,,,,,,,,,,,,,,,,,,,,,,
,,,,,,,,,,,,,,,,,,,,,,,,,
,,,,,,,,,,,,,,,,,,,,,,,,,
,,,,,,,,,,,,,,,,,,,,,,,,,
,,,,,,,,,,,,,,,,,,,,,,,,,
,,,,,,,,,,,,,,,,,,,,,,,,,
,,,,,,,,,,,,,,,,,,,,,,,,,
,,,,,,,,,,,,,,,,,,,,,,,,,
,,,,,,,,,,,,,,,,,,,,,,,,,
,,,,,,,,,,,,,,,,,,,,,,,,,
,,,,,,,,,,,,,,,,,,,,,,,,,
,,,,,,,,,,,,,,,,,,,,,,,,,
,,,,,,,,,,,,,,,,,,,,,,,,,
,,,,,,,,,,,,,,,,,,,,,,,,,
,,,,,,,,,,,,,,,,,,,,,,,,,
,,,,,,,,,,,,,,,,,,,,,,,,,
,,,,,,,,,,,,,,,,,,,,,,,,,
,,,,,,,,,,,,,,,,,,,,,,,,,
,,,,,,,,,,,,,,,,,,,,,,,,,
,,,,,,,,,,,,,,,,,,,,,,,,,
,,,,,,,,,,,,,,,,,,,,,,,,,
,,,,,,,,,,,,,,,,,,,,,,,,,
,,,,,,,,,,,,,,,,,,,,,,,,,
,,,,,,,,,,,,,,,,,,,,,,,,,
,,,,,,,,,,,,,,,,,,,,,,,,,
,,,,,,,,,,,,,,,,,,,,,,,,,
,,,,,,,,,,,,,,,,,,,,,,,,,
,,,,,,,,,,,,,,,,,,,,,,,,,
,,,,,,,,,,,,,,,,,,,,,,,,,
,,,,,,,,,,,,,,,,,,,,,,,,,
,,,,,,,,,,,,,,,,,,,,,,,,,
,,,,,,,,,,,,,,,,,,,,,,,,,
,,,,,,,,,,,,,,,,,,,,,,,,,
,,,,,,,,,,,,,,,,,,,,,,,,,
,,,,,,,,,,,,,,,,,,,,,,,,,
,,,,,,,,,,,,,,,,,,,,,,,,,
,,,,,,,,,,,,,,,,,,,,,,,,,
,,,,,,,,,,,,,,,,,,,,,,,,,
,,,,,,,,,,,,,,,,,,,,,,,,,
,,,,,,,,,,,,,,,,,,,,,,,,,
,,,,,,,,,,,,,,,,,,,,,,,,,
,,,,,,,,,,,,,,,,,,,,,,,,,
,,,,,,,,,,,,,,,,,,,,,,,,,
,,,,,,,,,,,,,,,,,,,,,,,,,
,,,,,,,,,,,,,,,,,,,,,,,,,
,,,,,,,,,,,,,,,,,,,,,,,,,
,,,,,,,,,,,,,,,,,,,,,,,,,
,,,,,,,,,,,,,,,,,,,,,,,,,
,,,,,,,,,,,,,,,,,,,,,,,,,
,,,,,,,,,,,,,,,,,,,,,,,,,
,,,,,,,,,,,,,,,,,,,,,,,,,
,,,,,,,,,,,,,,,,,,,,,,,,,
,,,,,,,,,,,,,,,,,,,,,,,,,
,,,,,,,,,,,,,,,,,,,,,,,,,
,,,,,,,,,,,,,,,,,,,,,,,,,
,,,,,,,,,,,,,,,,,,,,,,,,,
,,,,,,,,,,,,,,,,,,,,,,,,,
,,,,,,,,,,,,,,,,,,,,,,,,,
,,,,,,,,,,,,,,,,,,,,,,,,,
,,,,,,,,,,,,,,,,,,,,,,,,,
,,,,,,,,,,,,,,,,,,,,,,,,,
,,,,,,,,,,,,,,,,,,,,,,,,,
,,,,,,,,,,,,,,,,,,,,,,,,,
,,,,,,,,,,,,,,,,,,,,,,,,,
,,,,,,,,,,,,,,,,,,,,,,,,,
,,,,,,,,,,,,,,,,,,,,,,,,,
,,,,,,,,,,,,,,,,,,,,,,,,,
,,,,,,,,,,,,,,,,,,,,,,,,,
,,,,,,,,,,,,,,,,,,,,,,,,,
,,,,,,,,,,,,,,,,,,,,,,,,,
,,,,,,,,,,,,,,,,,,,,,,,,,
,,,,,,,,,,,,,,,,,,,,,,,,,
,,,,,,,,,,,,,,,,,,,,,,,,,
,,,,,,,,,,,,,,,,,,,,,,,,,
,,,,,,,,,,,,,,,,,,,,,,,,,
,,,,,,,,,,,,,,,,,,,,,,,,,
,,,,,,,,,,,,,,,,,,,,,,,,,
,,,,,,,,,,,,,,,,,,,,,,,,,
,,,,,,,,,,,,,,,,,,,,,,,,,
,,,,,,,,,,,,,,,,,,,,,,,,,
,,,,,,,,,,,,,,,,,,,,,,,,,
,,,,,,,,,,,,,,,,,,,,,,,,,
,,,,,,,,,,,,,,,,,,,,,,,,,
,,,,,,,,,,,,,,,,,,,,,,,,,
,,,,,,,,,,,,,,,,,,,,,,,,,
,,,,,,,,,,,,,,,,,,,,,,,,,
,,,,,,,,,,,,,,,,,,,,,,,,,
,,,,,,,,,,,,,,,,,,,,,,,,,
,,,,,,,,,,,,,,,,,,,,,,,,,
,,,,,,,,,,,,,,,,,,,,,,,,,
,,,,,,,,,,,,,,,,,,,,,,,,,
,,,,,,,,,,,,,,,,,,,,,,,,,
,,,,,,,,,,,,,,,,,,,,,,,,,
,,,,,,,,,,,,,,,,,,,,,,,,,
,,,,,,,,,,,,,,,,,,,,,,,,,
,,,,,,,,,,,,,,,,,,,,,,,,,
,,,,,,,,,,,,,,,,,,,,,,,,,
,,,,,,,,,,,,,,,,,,,,,,,,,
,,,,,,,,,,,,,,,,,,,,,,,,,
,,,,,,,,,,,,,,,,,,,,,,,,,
,,,,,,,,,,,,,,,,,,,,,,,,,
,,,,,,,,,,,,,,,,,,,,,,,,,
,,,,,,,,,,,,,,,,,,,,,,,,,
,,,,,,,,,,,,,,,,,,,,,,,,,
,,,,,,,,,,,,,,,,,,,,,,,,,
,,,,,,,,,,,,,,,,,,,,,,,,,
,,,,,,,,,,,,,,,,,,,,,,,,,
,,,,,,,,,,,,,,,,,,,,,,,,,
,,,,,,,,,,,,,,,,,,,,,,,,,
,,,,,,,,,,,,,,,,,,,,,,,,,
,,,,,,,,,,,,,,,,,,,,,,,,,
,,,,,,,,,,,,,,,,,,,,,,,,,
,,,,,,,,,,,,,,,,,,,,,,,,,
,,,,,,,,,,,,,,,,,,,,,,,,,
,,,,,,,,,,,,,,,,,,,,,,,,,
,,,,,,,,,,,,,,,,,,,,,,,,,
,,,,,,,,,,,,,,,,,,,,,,,,,
,,,,,,,,,,,,,,,,,,,,,,,,,
,,,,,,,,,,,,,,,,,,,,,,,,,
,,,,,,,,,,,,,,,,,,,,,,,,,
,,,,,,,,,,,,,,,,,,,,,,,,,
,,,,,,,,,,,,,,,,,,,,,,,,,
,,,,,,,,,,,,,,,,,,,,,,,,,
,,,,,,,,,,,,,,,,,,,,,,,,,
,,,,,,,,,,,,,,,,,,,,,,,,,
,,,,,,,,,,,,,,,,,,,,,,,,,
,,,,,,,,,,,,,,,,,,,,,,,,,
,,,,,,,,,,,,,,,,,,,,,,,,,
,,,,,,,,,,,,,,,,,,,,,,,,,
,,,,,,,,,,,,,,,,,,,,,,,,,
,,,,,,,,,,,,,,,,,,,,,,,,,
,,,,,,,,,,,,,,,,,,,,,,,,,
,,,,,,,,,,,,,,,,,,,,,,,,,
,,,,,,,,,,,,,,,,,,,,,,,,,
,,,,,,,,,,,,,,,,,,,,,,,,,
,,,,,,,,,,,,,,,,,,,,,,,,,
,,,,,,,,,,,,,,,,,,,,,,,,,
,,,,,,,,,,,,,,,,,,,,,,,,,
,,,,,,,,,,,,,,,,,,,,,,,,,
,,,,,,,,,,,,,,,,,,,,,,,,,
,,,,,,,,,,,,,,,,,,,,,,,,,
,,,,,,,,,,,,,,,,,,,,,,,,,
,,,,,,,,,,,,,,,,,,,,,,,,,
,,,,,,,,,,,,,,,,,,,,,,,,,
,,,,,,,,,,,,,,,,,,,,,,,,,
,,,,,,,,,,,,,,,,,,,,,,,,,
,,,,,,,,,,,,,,,,,,,,,,,,,
,,,,,,,,,,,,,,,,,,,,,,,,,
,,,,,,,,,,,,,,,,,,,,,,,,,
,,,,,,,,,,,,,,,,,,,,,,,,,
,,,,,,,,,,,,,,,,,,,,,,,,,
,,,,,,,,,,,,,,,,,,,,,,,,,
,,,,,,,,,,,,,,,,,,,,,,,,,
,,,,,,,,,,,,,,,,,,,,,,,,,
,,,,,,,,,,,,,,,,,,,,,,,,,
,,,,,,,,,,,,,,,,,,,,,,,,,
,,,,,,,,,,,,,,,,,,,,,,,,,
,,,,,,,,,,,,,,,,,,,,,,,,,
,,,,,,,,,,,,,,,,,,,,,,,,,
,,,,,,,,,,,,,,,,,,,,,,,,,
,,,,,,,,,,,,,,,,,,,,,,,,,
,,,,,,,,,,,,,,,,,,,,,,,,,
,,,,,,,,,,,,,,,,,,,,,,,,,
,,,,,,,,,,,,,,,,,,,,,,,,,
,,,,,,,,,,,,,,,,,,,,,,,,,
,,,,,,,,,,,,,,,,,,,,,,,,,
,,,,,,,,,,,,,,,,,,,,,,,,,
,,,,,,,,,,,,,,,,,,,,,,,,,
,,,,,,,,,,,,,,,,,,,,,,,,,
,,,,,,,,,,,,,,,,,,,,,,,,,
,,,,,,,,,,,,,,,,,,,,,,,,,
,,,,,,,,,,,,,,,,,,,,,,,,,
,,,,,,,,,,,,,,,,,,,,,,,,,
,,,,,,,,,,,,,,,,,,,,,,,,,
,,,,,,,,,,,,,,,,,,,,,,,,,
,,,,,,,,,,,,,,,,,,,,,,,,,
,,,,,,,,,,,,,,,,,,,,,,,,,
,,,,,,,,,,,,,,,,,,,,,,,,,
,,,,,,,,,,,,,,,,,,,,,,,,,
,,,,,,,,,,,,,,,,,,,,,,,,,
,,,,,,,,,,,,,,,,,,,,,,,,,
,,,,,,,,,,,,,,,,,,,,,,,,,
,,,,,,,,,,,,,,,,,,,,,,,,,
,,,,,,,,,,,,,,,,,,,,,,,,,
,,,,,,,,,,,,,,,,,,,,,,,,,
,,,,,,,,,,,,,,,,,,,,,,,,,
,,,,,,,,,,,,,,,,,,,,,,,,,
,,,,,,,,,,,,,,,,,,,,,,,,,
,,,,,,,,,,,,,,,,,,,,,,,,,
,,,,,,,,,,,,,,,,,,,,,,,,,
,,,,,,,,,,,,,,,,,,,,,,,,,
,,,,,,,,,,,,,,,,,,,,,,,,,
,,,,,,,,,,,,,,,,,,,,,,,,,
,,,,,,,,,,,,,,,,,,,,,,,,,
,,,,,,,,,,,,,,,,,,,,,,,,,
,,,,,,,,,,,,,,,,,,,,,,,,,
,,,,,,,,,,,,,,,,,,,,,,,,,
,,,,,,,,,,,,,,,,,,,,,,,,,
,,,,,,,,,,,,,,,,,,,,,,,,,
,,,,,,,,,,,,,,,,,,,,,,,,,
,,,,,,,,,,,,,,,,,,,,,,,,,
,,,,,,,,,,,,,,,,,,,,,,,,,
,,,,,,,,,,,,,,,,,,,,,,,,,
,,,,,,,,,,,,,,,,,,,,,,,,,
,,,,,,,,,,,,,,,,,,,,,,,,,
,,,,,,,,,,,,,,,,,,,,,,,,,
,,,,,,,,,,,,,,,,,,,,,,,,,
,,,,,,,,,,,,,,,,,,,,,,,,,
,,,,,,,,,,,,,,,,,,,,,,,,,
,,,,,,,,,,,,,,,,,,,,,,,,,
,,,,,,,,,,,,,,,,,,,,,,,,,
,,,,,,,,,,,,,,,,,,,,,,,,,
,,,,,,,,,,,,,,,,,,,,,,,,,
,,,,,,,,,,,,,,,,,,,,,,,,,
,,,,,,,,,,,,,,,,,,,,,,,,,
,,,,,,,,,,,,,,,,,,,,,,,,,
,,,,,,,,,,,,,,,,,,,,,,,,,
,,,,,,,,,,,,,,,,,,,,,,,,,
,,,,,,,,,,,,,,,,,,,,,,,,,
,,,,,,,,,,,,,,,,,,,,,,,,,
,,,,,,,,,,,,,,,,,,,,,,,,,
,,,,,,,,,,,,,,,,,,,,,,,,,
,,,,,,,,,,,,,,,,,,,,,,,,,
,,,,,,,,,,,,,,,,,,,,,,,,,
,,,,,,,,,,,,,,,,,,,,,,,,,
,,,,,,,,,,,,,,,,,,,,,,,,,
,,,,,,,,,,,,,,,,,,,,,,,,,
,,,,,,,,,,,,,,,,,,,,,,,,,
,,,,,,,,,,,,,,,,,,,,,,,,,
,,,,,,,,,,,,,,,,,,,,,,,,,
,,,,,,,,,,,,,,,,,,,,,,,,,
,,,,,,,,,,,,,,,,,,,,,,,,,
,,,,,,,,,,,,,,,,,,,,,,,,,
,,,,,,,,,,,,,,,,,,,,,,,,,
,,,,,,,,,,,,,,,,,,,,,,,,,
,,,,,,,,,,,,,,,,,,,,,,,,,
,,,,,,,,,,,,,,,,,,,,,,,,,
,,,,,,,,,,,,,,,,,,,,,,,,,
,,,,,,,,,,,,,,,,,,,,,,,,,
,,,,,,,,,,,,,,,,,,,,,,,,,
,,,,,,,,,,,,,,,,,,,,,,,,,
,,,,,,,,,,,,,,,,,,,,,,,,,
,,,,,,,,,,,,,,,,,,,,,,,,,
,,,,,,,,,,,,,,,,,,,,,,,,,
,,,,,,,,,,,,,,,,,,,,,,,,,
,,,,,,,,,,,,,,,,,,,,,,,,,
,,,,,,,,,,,,,,,,,,,,,,,,,
,,,,,,,,,,,,,,,,,,,,,,,,,
,,,,,,,,,,,,,,,,,,,,,,,,,
,,,,,,,,,,,,,,,,,,,,,,,,,
,,,,,,,,,,,,,,,,,,,,,,,,,
,,,,,,,,,,,,,,,,,,,,,,,,,
,,,,,,,,,,,,,,,,,,,,,,,,,
,,,,,,,,,,,,,,,,,,,,,,,,,
,,,,,,,,,,,,,,,,,,,,,,,,,
,,,,,,,,,,,,,,,,,,,,,,,,,
,,,,,,,,,,,,,,,,,,,,,,,,,
,,,,,,,,,,,,,,,,,,,,,,,,,
,,,,,,,,,,,,,,,,,,,,,,,,,
,,,,,,,,,,,,,,,,,,,,,,,,,
,,,,,,,,,,,,,,,,,,,,,,,,,
,,,,,,,,,,,,,,,,,,,,,,,,,
,,,,,,,,,,,,,,,,,,,,,,,,,
,,,,,,,,,,,,,,,,,,,,,,,,,
,,,,,,,,,,,,,,,,,,,,,,,,,
,,,,,,,,,,,,,,,,,,,,,,,,,
,,,,,,,,,,,,,,,,,,,,,,,,,
,,,,,,,,,,,,,,,,,,,,,,,,,
,,,,,,,,,,,,,,,,,,,,,,,,,
,,,,,,,,,,,,,,,,,,,,,,,,,
,,,,,,,,,,,,,,,,,,,,,,,,,
,,,,,,,,,,,,,,,,,,,,,,,,,
,,,,,,,,,,,,,,,,,,,,,,,,,
,,,,,,,,,,,,,,,,,,,,,,,,,
,,,,,,,,,,,,,,,,,,,,,,,,,
,,,,,,,,,,,,,,,,,,,,,,,,,
,,,,,,,,,,,,,,,,,,,,,,,,,
,,,,,,,,,,,,,,,,,,,,,,,,,
,,,,,,,,,,,,,,,,,,,,,,,,,
,,,,,,,,,,,,,,,,,,,,,,,,,
,,,,,,,,,,,,,,,,,,,,,,,,,
,,,,,,,,,,,,,,,,,,,,,,,,,
,,,,,,,,,,,,,,,,,,,,,,,,,
,,,,,,,,,,,,,,,,,,,,,,,,,
,,,,,,,,,,,,,,,,,,,,,,,,,
,,,,,,,,,,,,,,,,,,,,,,,,,
,,,,,,,,,,,,,,,,,,,,,,,,,
,,,,,,,,,,,,,,,,,,,,,,,,,
,,,,,,,,,,,,,,,,,,,,,,,,,
,,,,,,,,,,,,,,,,,,,,,,,,,
,,,,,,,,,,,,,,,,,,,,,,,,,
,,,,,,,,,,,,,,,,,,,,,,,,,
,,,,,,,,,,,,,,,,,,,,,,,,,
,,,,,,,,,,,,,,,,,,,,,,,,,
,,,,,,,,,,,,,,,,,,,,,,,,,
,,,,,,,,,,,,,,,,,,,,,,,,,
,,,,,,,,,,,,,,,,,,,,,,,,,
,,,,,,,,,,,,,,,,,,,,,,,,,
,,,,,,,,,,,,,,,,,,,,,,,,,
,,,,,,,,,,,,,,,,,,,,,,,,,
,,,,,,,,,,,,,,,,,,,,,,,,,
,,,,,,,,,,,,,,,,,,,,,,,,,
,,,,,,,,,,,,,,,,,,,,,,,,,
,,,,,,,,,,,,,,,,,,,,,,,,,
,,,,,,,,,,,,,,,,,,,,,,,,,
,,,,,,,,,,,,,,,,,,,,,,,,,
,,,,,,,,,,,,,,,,,,,,,,,,,
,,,,,,,,,,,,,,,,,,,,,,,,,
,,,,,,,,,,,,,,,,,,,,,,,,,
,,,,,,,,,,,,,,,,,,,,,,,,,
,,,,,,,,,,,,,,,,,,,,,,,,,
,,,,,,,,,,,,,,,,,,,,,,,,,
,,,,,,,,,,,,,,,,,,,,,,,,,
,,,,,,,,,,,,,,,,,,,,,,,,,
,,,,,,,,,,,,,,,,,,,,,,,,,
,,,,,,,,,,,,,,,,,,,,,,,,,
,,,,,,,,,,,,,,,,,,,,,,,,,
,,,,,,,,,,,,,,,,,,,,,,,,,
,,,,,,,,,,,,,,,,,,,,,,,,,
,,,,,,,,,,,,,,,,,,,,,,,,,
,,,,,,,,,,,,,,,,,,,,,,,,,
,,,,,,,,,,,,,,,,,,,,,,,,,
,,,,,,,,,,,,,,,,,,,,,,,,,
,,,,,,,,,,,,,,,,,,,,,,,,,
,,,,,,,,,,,,,,,,,,,,,,,,,
,,,,,,,,,,,,,,,,,,,,,,,,,
,,,,,,,,,,,,,,,,,,,,,,,,,
,,,,,,,,,,,,,,,,,,,,,,,,,
,,,,,,,,,,,,,,,,,,,,,,,,,
,,,,,,,,,,,,,,,,,,,,,,,,,
,,,,,,,,,,,,,,,,,,,,,,,,,
,,,,,,,,,,,,,,,,,,,,,,,,,
,,,,,,,,,,,,,,,,,,,,,,,,,
,,,,,,,,,,,,,,,,,,,,,,,,,
,,,,,,,,,,,,,,,,,,,,,,,,,
,,,,,,,,,,,,,,,,,,,,,,,,,
,,,,,,,,,,,,,,,,,,,,,,,,,
,,,,,,,,,,,,,,,,,,,,,,,,,
,,,,,,,,,,,,,,,,,,,,,,,,,
,,,,,,,,,,,,,,,,,,,,,,,,,
,,,,,,,,,,,,,,,,,,,,,,,,,
,,,,,,,,,,,,,,,,,,,,,,,,,
,,,,,,,,,,,,,,,,,,,,,,,,,
,,,,,,,,,,,,,,,,,,,,,,,,,
,,,,,,,,,,,,,,,,,,,,,,,,,
,,,,,,,,,,,,,,,,,,,,,,,,,
,,,,,,,,,,,,,,,,,,,,,,,,,
,,,,,,,,,,,,,,,,,,,,,,,,,
,,,,,,,,,,,,,,,,,,,,,,,,,
,,,,,,,,,,,,,,,,,,,,,,,,,
,,,,,,,,,,,,,,,,,,,,,,,,,
,,,,,,,,,,,,,,,,,,,,,,,,,
,,,,,,,,,,,,,,,,,,,,,,,,,
,,,,,,,,,,,,,,,,,,,,,,,,,
,,,,,,,,,,,,,,,,,,,,,,,,,
,,,,,,,,,,,,,,,,,,,,,,,,,
,,,,,,,,,,,,,,,,,,,,,,,,,
,,,,,,,,,,,,,,,,,,,,,,,,,
,,,,,,,,,,,,,,,,,,,,,,,,,
,,,,,,,,,,,,,,,,,,,,,,,,,
,,,,,,,,,,,,,,,,,,,,,,,,,
,,,,,,,,,,,,,,,,,,,,,,,,,
,,,,,,,,,,,,,,,,,,,,,,,,,
,,,,,,,,,,,,,,,,,,,,,,,,,
,,,,,,,,,,,,,,,,,,,,,,,,,
,,,,,,,,,,,,,,,,,,,,,,,,,
,,,,,,,,,,,,,,,,,,,,,,,,,
,,,,,,,,,,,,,,,,,,,,,,,,,
,,,,,,,,,,,,,,,,,,,,,,,,,
,,,,,,,,,,,,,,,,,,,,,,,,,
,,,,,,,,,,,,,,,,,,,,,,,,,
,,,,,,,,,,,,,,,,,,,,,,,,,
,,,,,,,,,,,,,,,,,,,,,,,,,
,,,,,,,,,,,,,,,,,,,,,,,,,
,,,,,,,,,,,,,,,,,,,,,,,,,
,,,,,,,,,,,,,,,,,,,,,,,,,
,,,,,,,,,,,,,,,,,,,,,,,,,
,,,,,,,,,,,,,,,,,,,,,,,,,
,,,,,,,,,,,,,,,,,,,,,,,,,
,,,,,,,,,,,,,,,,,,,,,,,,,
,,,,,,,,,,,,,,,,,,,,,,,,,
,,,,,,,,,,,,,,,,,,,,,,,,,
,,,,,,,,,,,,,,,,,,,,,,,,,
,,,,,,,,,,,,,,,,,,,,,,,,,
,,,,,,,,,,,,,,,,,,,,,,,,,
,,,,,,,,,,,,,,,,,,,,,,,,,
,,,,,,,,,,,,,,,,,,,,,,,,,
,,,,,,,,,,,,,,,,,,,,,,,,,
,,,,,,,,,,,,,,,,,,,,,,,,,
,,,,,,,,,,,,,,,,,,,,,,,,,
,,,,,,,,,,,,,,,,,,,,,,,,,
,,,,,,,,,,,,,,,,,,,,,,,,,
,,,,,,,,,,,,,,,,,,,,,,,,,
,,,,,,,,,,,,,,,,,,,,,,,,,
,,,,,,,,,,,,,,,,,,,,,,,,,
,,,,,,,,,,,,,,,,,,,,,,,,,
,,,,,,,,,,,,,,,,,,,,,,,,,
,,,,,,,,,,,,,,,,,,,,,,,,,
,,,,,,,,,,,,,,,,,,,,,,,,,
,,,,,,,,,,,,,,,,,,,,,,,,,
,,,,,,,,,,,,,,,,,,,,,,,,,
,,,,,,,,,,,,,,,,,,,,,,,,,
,,,,,,,,,,,,,,,,,,,,,,,,,
,,,,,,,,,,,,,,,,,,,,,,,,,
,,,,,,,,,,,,,,,,,,,,,,,,,
,,,,,,,,,,,,,,,,,,,,,,,,,
,,,,,,,,,,,,,,,,,,,,,,,,,
,,,,,,,,,,,,,,,,,,,,,,,,,
,,,,,,,,,,,,,,,,,,,,,,,,,
,,,,,,,,,,,,,,,,,,,,,,,,,
,,,,,,,,,,,,,,,,,,,,,,,,,
,,,,,,,,,,,,,,,,,,,,,,,,,
,,,,,,,,,,,,,,,,,,,,,,,,,
,,,,,,,,,,,,,,,,,,,,,,,,,
,,,,,,,,,,,,,,,,,,,,,,,,,
,,,,,,,,,,,,,,,,,,,,,,,,,
,,,,,,,,,,,,,,,,,,,,,,,,,
,,,,,,,,,,,,,,,,,,,,,,,,,
,,,,,,,,,,,,,,,,,,,,,,,,,
,,,,,,,,,,,,,,,,,,,,,,,,,
,,,,,,,,,,,,,,,,,,,,,,,,,
,,,,,,,,,,,,,,,,,,,,,,,,,
,,,,,,,,,,,,,,,,,,,,,,,,,
,,,,,,,,,,,,,,,,,,,,,,,,,
,,,,,,,,,,,,,,,,,,,,,,,,,
,,,,,,,,,,,,,,,,,,,,,,,,,
,,,,,,,,,,,,,,,,,,,,,,,,,
,,,,,,,,,,,,,,,,,,,,,,,,,
,,,,,,,,,,,,,,,,,,,,,,,,,
,,,,,,,,,,,,,,,,,,,,,,,,,
,,,,,,,,,,,,,,,,,,,,,,,,,
,,,,,,,,,,,,,,,,,,,,,,,,,
,,,,,,,,,,,,,,,,,,,,,,,,,
,,,,,,,,,,,,,,,,,,,,,,,,,
,,,,,,,,,,,,,,,,,,,,,,,,,
,,,,,,,,,,,,,,,,,,,,,,,,,
,,,,,,,,,,,,,,,,,,,,,,,,,
,,,,,,,,,,,,,,,,,,,,,,,,,
,,,,,,,,,,,,,,,,,,,,,,,,,
,,,,,,,,,,,,,,,,,,,,,,,,,
,,,,,,,,,,,,,,,,,,,,,,,,,
,,,,,,,,,,,,,,,,,,,,,,,,,
,,,,,,,,,,,,,,,,,,,,,,,,,
,,,,,,,,,,,,,,,,,,,,,,,,,
,,,,,,,,,,,,,,,,,,,,,,,,,
,,,,,,,,,,,,,,,,,,,,,,,,,
,,,,,,,,,,,,,,,,,,,,,,,,,
,,,,,,,,,,,,,,,,,,,,,,,,,
,,,,,,,,,,,,,,,,,,,,,,,,,
,,,,,,,,,,,,,,,,,,,,,,,,,
,,,,,,,,,,,,,,,,,,,,,,,,,
,,,,,,,,,,,,,,,,,,,,,,,,,
,,,,,,,,,,,,,,,,,,,,,,,,,
,,,,,,,,,,,,,,,,,,,,,,,,,
,,,,,,,,,,,,,,,,,,,,,,,,,
,,,,,,,,,,,,,,,,,,,,,,,,,
,,,,,,,,,,,,,,,,,,,,,,,,,
,,,,,,,,,,,,,,,,,,,,,,,,,
,,,,,,,,,,,,,,,,,,,,,,,,,
,,,,,,,,,,,,,,,,,,,,,,,,,
,,,,,,,,,,,,,,,,,,,,,,,,,
,,,,,,,,,,,,,,,,,,,,,,,,,
,,,,,,,,,,,,,,,,,,,,,,,,,
,,,,,,,,,,,,,,,,,,,,,,,,,
,,,,,,,,,,,,,,,,,,,,,,,,,
,,,,,,,,,,,,,,,,,,,,,,,,,
,,,,,,,,,,,,,,,,,,,,,,,,,
,,,,,,,,,,,,,,,,,,,,,,,,,
,,,,,,,,,,,,,,,,,,,,,,,,,
,,,,,,,,,,,,,,,,,,,,,,,,,
,,,,,,,,,,,,,,,,,,,,,,,,,
,,,,,,,,,,,,,,,,,,,,,,,,,
,,,,,,,,,,,,,,,,,,,,,,,,,
,,,,,,,,,,,,,,,,,,,,,,,,,
,,,,,,,,,,,,,,,,,,,,,,,,,
,,,,,,,,,,,,,,,,,,,,,,,,,
,,,,,,,,,,,,,,,,,,,,,,,,,
,,,,,,,,,,,,,,,,,,,,,,,,,
,,,,,,,,,,,,,,,,,,,,,,,,,
,,,,,,,,,,,,,,,,,,,,,,,,,
,,,,,,,,,,,,,,,,,,,,,,,,,
,,,,,,,,,,,,,,,,,,,,,,,,,
,,,,,,,,,,,,,,,,,,,,,,,,,
,,,,,,,,,,,,,,,,,,,,,,,,,
,,,,,,,,,,,,,,,,,,,,,,,,,
,,,,,,,,,,,,,,,,,,,,,,,,,
,,,,,,,,,,,,,,,,,,,,,,,,,
,,,,,,,,,,,,,,,,,,,,,,,,,
,,,,,,,,,,,,,,,,,,,,,,,,,
,,,,,,,,,,,,,,,,,,,,,,,,,
,,,,,,,,,,,,,,,,,,,,,,,,,
,,,,,,,,,,,,,,,,,,,,,,,,,
,,,,,,,,,,,,,,,,,,,,,,,,,
,,,,,,,,,,,,,,,,,,,,,,,,,
,,,,,,,,,,,,,,,,,,,,,,,,,
,,,,,,,,,,,,,,,,,,,,,,,,,
,,,,,,,,,,,,,,,,,,,,,,,,,
,,,,,,,,,,,,,,,,,,,,,,,,,
,,,,,,,,,,,,,,,,,,,,,,,,,
,,,,,,,,,,,,,,,,,,,,,,,,,
,,,,,,,,,,,,,,,,,,,,,,,,,
,,,,,,,,,,,,,,,,,,,,,,,,,
,,,,,,,,,,,,,,,,,,,,,,,,,
,,,,,,,,,,,,,,,,,,,,,,,,,
,,,,,,,,,,,,,,,,,,,,,,,,,
,,,,,,,,,,,,,,,,,,,,,,,,,
,,,,,,,,,,,,,,,,,,,,,,,,,
,,,,,,,,,,,,,,,,,,,,,,,,,
,,,,,,,,,,,,,,,,,,,,,,,,,
,,,,,,,,,,,,,,,,,,,,,,,,,
,,,,,,,,,,,,,,,,,,,,,,,,,
,,,,,,,,,,,,,,,,,,,,,,,,,
,,,,,,,,,,,,,,,,,,,,,,,,,
,,,,,,,,,,,,,,,,,,,,,,,,,
,,,,,,,,,,,,,,,,,,,,,,,,,
,,,,,,,,,,,,,,,,,,,,,,,,,
,,,,,,,,,,,,,,,,,,,,,,,,,
,,,,,,,,,,,,,,,,,,,,,,,,,
,,,,,,,,,,,,,,,,,,,,,,,,,
,,,,,,,,,,,,,,,,,,,,,,,,,
,,,,,,,,,,,,,,,,,,,,,,,,,
,,,,,,,,,,,,,,,,,,,,,,,,,
,,,,,,,,,,,,,,,,,,,,,,,,,
,,,,,,,,,,,,,,,,,,,,,,,,,
,,,,,,,,,,,,,,,,,,,,,,,,,
,,,,,,,,,,,,,,,,,,,,,,,,,
,,,,,,,,,,,,,,,,,,,,,,,,,
,,,,,,,,,,,,,,,,,,,,,,,,,
,,,,,,,,,,,,,,,,,,,,,,,,,
,,,,,,,,,,,,,,,,,,,,,,,,,
,,,,,,,,,,,,,,,,,,,,,,,,,
,,,,,,,,,,,,,,,,,,,,,,,,,
,,,,,,,,,,,,,,,,,,,,,,,,,
,,,,,,,,,,,,,,,,,,,,,,,,,
,,,,,,,,,,,,,,,,,,,,,,,,,
,,,,,,,,,,,,,,,,,,,,,,,,,
,,,,,,,,,,,,,,,,,,,,,,,,,
,,,,,,,,,,,,,,,,,,,,,,,,,
,,,,,,,,,,,,,,,,,,,,,,,,,
,,,,,,,,,,,,,,,,,,,,,,,,,
,,,,,,,,,,,,,,,,,,,,,,,,,
,,,,,,,,,,,,,,,,,,,,,,,,,
,,,,,,,,,,,,,,,,,,,,,,,,,
,,,,,,,,,,,,,,,,,,,,,,,,,
,,,,,,,,,,,,,,,,,,,,,,,,,
,,,,,,,,,,,,,,,,,,,,,,,,,
,,,,,,,,,,,,,,,,,,,,,,,,,
,,,,,,,,,,,,,,,,,,,,,,,,,
,,,,,,,,,,,,,,,,,,,,,,,,,
,,,,,,,,,,,,,,,,,,,,,,,,,
,,,,,,,,,,,,,,,,,,,,,,,,,
,,,,,,,,,,,,,,,,,,,,,,,,,
,,,,,,,,,,,,,,,,,,,,,,,,,
,,,,,,,,,,,,,,,,,,,,,,,,,
,,,,,,,,,,,,,,,,,,,,,,,,,
,,,,,,,,,,,,,,,,,,,,,,,,,
,,,,,,,,,,,,,,,,,,,,,,,,,
,,,,,,,,,,,,,,,,,,,,,,,,,
,,,,,,,,,,,,,,,,,,,,,,,,,
,,,,,,,,,,,,,,,,,,,,,,,,,
,,,,,,,,,,,,,,,,,,,,,,,,,
,,,,,,,,,,,,,,,,,,,,,,,,,
,,,,,,,,,,,,,,,,,,,,,,,,,
,,,,,,,,,,,,,,,,,,,,,,,,,
,,,,,,,,,,,,,,,,,,,,,,,,,
,,,,,,,,,,,,,,,,,,,,,,,,,
,,,,,,,,,,,,,,,,,,,,,,,,,
,,,,,,,,,,,,,,,,,,,,,,,,,
,,,,,,,,,,,,,,,,,,,,,,,,,
,,,,,,,,,,,,,,,,,,,,,,,,,
,,,,,,,,,,,,,,,,,,,,,,,,,
,,,,,,,,,,,,,,,,,,,,,,,,,
,,,,,,,,,,,,,,,,,,,,,,,,,
,,,,,,,,,,,,,,,,,,,,,,,,,
,,,,,,,,,,,,,,,,,,,,,,,,,
,,,,,,,,,,,,,,,,,,,,,,,,,
,,,,,,,,,,,,,,,,,,,,,,,,,
,,,,,,,,,,,,,,,,,,,,,,,,,
,,,,,,,,,,,,,,,,,,,,,,,,,
,,,,,,,,,,,,,,,,,,,,,,,,,
,,,,,,,,,,,,,,,,,,,,,,,,,
,,,,,,,,,,,,,,,,,,,,,,,,,
,,,,,,,,,,,,,,,,,,,,,,,,,
,,,,,,,,,,,,,,,,,,,,,,,,,
,,,,,,,,,,,,,,,,,,,,,,,,,
,,,,,,,,,,,,,,,,,,,,,,,,,
,,,,,,,,,,,,,,,,,,,,,,,,,
,,,,,,,,,,,,,,,,,,,,,,,,,
,,,,,,,,,,,,,,,,,,,,,,,,,
,,,,,,,,,,,,,,,,,,,,,,,,,
,,,,,,,,,,,,,,,,,,,,,,,,,
,,,,,,,,,,,,,,,,,,,,,,,,,
,,,,,,,,,,,,,,,,,,,,,,,,,
,,,,,,,,,,,,,,,,,,,,,,,,,
,,,,,,,,,,,,,,,,,,,,,,,,,
,,,,,,,,,,,,,,,,,,,,,,,,,
,,,,,,,,,,,,,,,,,,,,,,,,,
,,,,,,,,,,,,,,,,,,,,,,,,,
,,,,,,,,,,,,,,,,,,,,,,,,,
,,,,,,,,,,,,,,,,,,,,,,,,,
,,,,,,,,,,,,,,,,,,,,,,,,,
,,,,,,,,,,,,,,,,,,,,,,,,,
,,,,,,,,,,,,,,,,,,,,,,,,,
,,,,,,,,,,,,,,,,,,,,,,,,,
,,,,,,,,,,,,,,,,,,,,,,,,,
,,,,,,,,,,,,,,,,,,,,,,,,,
,,,,,,,,,,,,,,,,,,,,,,,,,
,,,,,,,,,,,,,,,,,,,,,,,,,
,,,,,,,,,,,,,,,,,,,,,,,,,
,,,,,,,,,,,,,,,,,,,,,,,,,
,,,,,,,,,,,,,,,,,,,,,,,,,
,,,,,,,,,,,,,,,,,,,,,,,,,
,,,,,,,,,,,,,,,,,,,,,,,,,
,,,,,,,,,,,,,,,,,,,,,,,,,
,,,,,,,,,,,,,,,,,,,,,,,,,
,,,,,,,,,,,,,,,,,,,,,,,,,
,,,,,,,,,,,,,,,,,,,,,,,,,
,,,,,,,,,,,,,,,,,,,,,,,,,
,,,,,,,,,,,,,,,,,,,,,,,,,
,,,,,,,,,,,,,,,,,,,,,,,,,
,,,,,,,,,,,,,,,,,,,,,,,,,
,,,,,,,,,,,,,,,,,,,,,,,,,
,,,,,,,,,,,,,,,,,,,,,,,,,
,,,,,,,,,,,,,,,,,,,,,,,,,
,,,,,,,,,,,,,,,,,,,,,,,,,
,,,,,,,,,,,,,,,,,,,,,,,,,
,,,,,,,,,,,,,,,,,,,,,,,,,
,,,,,,,,,,,,,,,,,,,,,,,,,
,,,,,,,,,,,,,,,,,,,,,,,,,
,,,,,,,,,,,,,,,,,,,,,,,,,
,,,,,,,,,,,,,,,,,,,,,,,,,
,,,,,,,,,,,,,,,,,,,,,,,,,
,,,,,,,,,,,,,,,,,,,,,,,,,
,,,,,,,,,,,,,,,,,,,,,,,,,
,,,,,,,,,,,,,,,,,,,,,,,,,
,,,,,,,,,,,,,,,,,,,,,,,,,
,,,,,,,,,,,,,,,,,,,,,,,,,
,,,,,,,,,,,,,,,,,,,,,,,,,
,,,,,,,,,,,,,,,,,,,,,,,,,
,,,,,,,,,,,,,,,,,,,,,,,,,
,,,,,,,,,,,,,,,,,,,,,,,,,
,,,,,,,,,,,,,,,,,,,,,,,,,
,,,,,,,,,,,,,,,,,,,,,,,,,
,,,,,,,,,,,,,,,,,,,,,,,,,
,,,,,,,,,,,,,,,,,,,,,,,,,
,,,,,,,,,,,,,,,,,,,,,,,,,
